--------------------------------------------------------
--  Fichier créé - vendredi-mars-28-2025   
--------------------------------------------------------
--------------------------------------------------------
--  DDL for Sequence SEQ_ID_RAPPORT
--------------------------------------------------------

   CREATE SEQUENCE  "SLAM7"."SEQ_ID_RAPPORT"  MINVALUE 1 MAXVALUE 9999999999999999999999999999 INCREMENT BY 1 START WITH 7 NOCACHE  NOORDER  NOCYCLE ;
--------------------------------------------------------
--  DDL for Sequence SEQ_ID_VISITEUR
--------------------------------------------------------

   CREATE SEQUENCE  "SLAM7"."SEQ_ID_VISITEUR"  MINVALUE 1 MAXVALUE 9999999999999999999999999999 INCREMENT BY 1 START WITH 11 NOCACHE  NOORDER  NOCYCLE ;
--------------------------------------------------------
--  DDL for Table BILAN
--------------------------------------------------------

  CREATE TABLE "SLAM7"."BILAN" 
   (	"ID_BILAN" NUMBER(*,0), 
	"DESCRIPTION" VARCHAR2(255 BYTE), 
	"ID_RAPPORT" NUMBER(*,0)
   ) SEGMENT CREATION IMMEDIATE 
  PCTFREE 10 PCTUSED 40 INITRANS 1 MAXTRANS 255 NOCOMPRESS LOGGING
  STORAGE(INITIAL 65536 NEXT 1048576 MINEXTENTS 1 MAXEXTENTS 2147483645
  PCTINCREASE 0 FREELISTS 1 FREELIST GROUPS 1 BUFFER_POOL DEFAULT FLASH_CACHE DEFAULT CELL_FLASH_CACHE DEFAULT)
  TABLESPACE "USERS" ;
--------------------------------------------------------
--  DDL for Table DELEGUE
--------------------------------------------------------

  CREATE TABLE "SLAM7"."DELEGUE" 
   (	"ID_DELEGUE" NUMBER, 
	"ID_USER" NUMBER, 
	"ID_ROLE" NUMBER DEFAULT 3, 
	"ID_REGION" NUMBER
   ) SEGMENT CREATION DEFERRED 
  PCTFREE 10 PCTUSED 40 INITRANS 1 MAXTRANS 255 NOCOMPRESS LOGGING
  TABLESPACE "USERS" ;
--------------------------------------------------------
--  DDL for Table OBJECTIFS
--------------------------------------------------------

  CREATE TABLE "SLAM7"."OBJECTIFS" 
   (	"ID_OBJECTIF" NUMBER, 
	"DATE_OBJECTIF" DATE, 
	"PRIME" NUMBER(10,2)
   ) SEGMENT CREATION DEFERRED 
  PCTFREE 10 PCTUSED 40 INITRANS 1 MAXTRANS 255 NOCOMPRESS LOGGING
  TABLESPACE "USERS" ;
--------------------------------------------------------
--  DDL for Table POSSEDE
--------------------------------------------------------

  CREATE TABLE "SLAM7"."POSSEDE" 
   (	"ID_POSSEDE" NUMBER, 
	"ID_USER" NUMBER, 
	"ID_OBJECTIF" NUMBER
   ) SEGMENT CREATION DEFERRED 
  PCTFREE 10 PCTUSED 40 INITRANS 1 MAXTRANS 255 NOCOMPRESS LOGGING
  TABLESPACE "USERS" ;
--------------------------------------------------------
--  DDL for Table PRATICIEN
--------------------------------------------------------

  CREATE TABLE "SLAM7"."PRATICIEN" 
   (	"ID_PRATICIEN" NUMBER, 
	"ID_USER" NUMBER, 
	"SPECIALITE" VARCHAR2(255 BYTE), 
	"ADRESSE" VARCHAR2(255 BYTE), 
	"NUMERO_TEL" VARCHAR2(50 BYTE), 
	"STATUT" VARCHAR2(50 BYTE), 
	"DIPLOME" VARCHAR2(255 BYTE), 
	"ID_ROLE" NUMBER DEFAULT 1, 
	"ID_REGION" NUMBER
   ) SEGMENT CREATION DEFERRED 
  PCTFREE 10 PCTUSED 40 INITRANS 1 MAXTRANS 255 NOCOMPRESS LOGGING
  TABLESPACE "USERS" ;
--------------------------------------------------------
--  DDL for Table PRODUIT
--------------------------------------------------------

  CREATE TABLE "SLAM7"."PRODUIT" 
   (	"ID_PRODUIT" NUMBER, 
	"NOM_COMMERCIAL" VARCHAR2(255 BYTE), 
	"NUMERO_PROD" VARCHAR2(50 BYTE), 
	"COMPOSITION" VARCHAR2(255 BYTE), 
	"CONTRE_INDICATIONS" VARCHAR2(255 BYTE), 
	"EFFETS_THERAPEUTIQUES" VARCHAR2(255 BYTE), 
	"FAMILLE" VARCHAR2(255 BYTE), 
	"PRIX_ECHANTILLON" NUMBER(10,2)
   ) SEGMENT CREATION IMMEDIATE 
  PCTFREE 10 PCTUSED 40 INITRANS 1 MAXTRANS 255 NOCOMPRESS LOGGING
  STORAGE(INITIAL 65536 NEXT 1048576 MINEXTENTS 1 MAXEXTENTS 2147483645
  PCTINCREASE 0 FREELISTS 1 FREELIST GROUPS 1 BUFFER_POOL DEFAULT FLASH_CACHE DEFAULT CELL_FLASH_CACHE DEFAULT)
  TABLESPACE "USERS" ;
--------------------------------------------------------
--  DDL for Table RAPPORT
--------------------------------------------------------

  CREATE TABLE "SLAM7"."RAPPORT" 
   (	"ID_RAPPORT" NUMBER(*,0), 
	"ID_VISITE" NUMBER(*,0)
   ) SEGMENT CREATION IMMEDIATE 
  PCTFREE 10 PCTUSED 40 INITRANS 1 MAXTRANS 255 NOCOMPRESS LOGGING
  STORAGE(INITIAL 65536 NEXT 1048576 MINEXTENTS 1 MAXEXTENTS 2147483645
  PCTINCREASE 0 FREELISTS 1 FREELIST GROUPS 1 BUFFER_POOL DEFAULT FLASH_CACHE DEFAULT CELL_FLASH_CACHE DEFAULT)
  TABLESPACE "USERS" ;
--------------------------------------------------------
--  DDL for Table RAPPORT_DE_VISITE
--------------------------------------------------------

  CREATE TABLE "SLAM7"."RAPPORT_DE_VISITE" 
   (	"ID_RAPPORT" NUMBER, 
	"DATE_VISITE" DATE, 
	"MOTIF_VISITE" VARCHAR2(255 BYTE), 
	"ID_VISITEUR" NUMBER(*,0)
   ) SEGMENT CREATION IMMEDIATE 
  PCTFREE 10 PCTUSED 40 INITRANS 1 MAXTRANS 255 NOCOMPRESS LOGGING
  STORAGE(INITIAL 65536 NEXT 1048576 MINEXTENTS 1 MAXEXTENTS 2147483645
  PCTINCREASE 0 FREELISTS 1 FREELIST GROUPS 1 BUFFER_POOL DEFAULT FLASH_CACHE DEFAULT CELL_FLASH_CACHE DEFAULT)
  TABLESPACE "USERS" ;
--------------------------------------------------------
--  DDL for Table REGION
--------------------------------------------------------

  CREATE TABLE "SLAM7"."REGION" 
   (	"ID_REGION" NUMBER, 
	"NOM_REGION" VARCHAR2(50 BYTE)
   ) SEGMENT CREATION IMMEDIATE 
  PCTFREE 10 PCTUSED 40 INITRANS 1 MAXTRANS 255 NOCOMPRESS LOGGING
  STORAGE(INITIAL 65536 NEXT 1048576 MINEXTENTS 1 MAXEXTENTS 2147483645
  PCTINCREASE 0 FREELISTS 1 FREELIST GROUPS 1 BUFFER_POOL DEFAULT FLASH_CACHE DEFAULT CELL_FLASH_CACHE DEFAULT)
  TABLESPACE "USERS" ;
--------------------------------------------------------
--  DDL for Table RESPONSABLE_SECTEUR
--------------------------------------------------------

  CREATE TABLE "SLAM7"."RESPONSABLE_SECTEUR" 
   (	"ID_RESPONSABLE" NUMBER, 
	"ID_USER" NUMBER, 
	"ID_OBJECTIF" NUMBER, 
	"ID_ROLE" NUMBER DEFAULT 4, 
	"ID_REGION" NUMBER
   ) SEGMENT CREATION DEFERRED 
  PCTFREE 10 PCTUSED 40 INITRANS 1 MAXTRANS 255 NOCOMPRESS LOGGING
  TABLESPACE "USERS" ;
--------------------------------------------------------
--  DDL for Table ROLE
--------------------------------------------------------

  CREATE TABLE "SLAM7"."ROLE" 
   (	"ID_ROLE" NUMBER, 
	"NOM_ROLE" VARCHAR2(50 BYTE)
   ) SEGMENT CREATION IMMEDIATE 
  PCTFREE 10 PCTUSED 40 INITRANS 1 MAXTRANS 255 NOCOMPRESS LOGGING
  STORAGE(INITIAL 65536 NEXT 1048576 MINEXTENTS 1 MAXEXTENTS 2147483645
  PCTINCREASE 0 FREELISTS 1 FREELIST GROUPS 1 BUFFER_POOL DEFAULT FLASH_CACHE DEFAULT CELL_FLASH_CACHE DEFAULT)
  TABLESPACE "USERS" ;
--------------------------------------------------------
--  DDL for Table UTILISATEUR
--------------------------------------------------------

  CREATE TABLE "SLAM7"."UTILISATEUR" 
   (	"ID_USER" NUMBER, 
	"NOM" VARCHAR2(255 BYTE), 
	"PRENOM" VARCHAR2(255 BYTE), 
	"EMAIL" VARCHAR2(255 BYTE), 
	"MOT_DE_PASSE" VARCHAR2(255 BYTE), 
	"ID_REGION" NUMBER, 
	"ID_ROLE" NUMBER DEFAULT 5
   ) SEGMENT CREATION IMMEDIATE 
  PCTFREE 10 PCTUSED 40 INITRANS 1 MAXTRANS 255 NOCOMPRESS LOGGING
  STORAGE(INITIAL 65536 NEXT 1048576 MINEXTENTS 1 MAXEXTENTS 2147483645
  PCTINCREASE 0 FREELISTS 1 FREELIST GROUPS 1 BUFFER_POOL DEFAULT FLASH_CACHE DEFAULT CELL_FLASH_CACHE DEFAULT)
  TABLESPACE "USERS" ;
--------------------------------------------------------
--  DDL for Table VISITEUR_MEDICAL
--------------------------------------------------------

  CREATE TABLE "SLAM7"."VISITEUR_MEDICAL" 
   (	"ID_VISITEUR" NUMBER, 
	"MATRICULE" VARCHAR2(10 BYTE), 
	"DATE_EMBAUCHE" DATE, 
	"PRIMES" NUMBER, 
	"BUDGET" NUMBER, 
	"ID_USER" NUMBER
   ) SEGMENT CREATION IMMEDIATE 
  PCTFREE 10 PCTUSED 40 INITRANS 1 MAXTRANS 255 NOCOMPRESS LOGGING
  STORAGE(INITIAL 65536 NEXT 1048576 MINEXTENTS 1 MAXEXTENTS 2147483645
  PCTINCREASE 0 FREELISTS 1 FREELIST GROUPS 1 BUFFER_POOL DEFAULT FLASH_CACHE DEFAULT CELL_FLASH_CACHE DEFAULT)
  TABLESPACE "USERS" ;
REM INSERTING into SLAM7.BILAN
SET DEFINE OFF;
Insert into SLAM7.BILAN (ID_BILAN,DESCRIPTION,ID_RAPPORT) values ('1','Présentation des produits complétée avec succès','1');
REM INSERTING into SLAM7.DELEGUE
SET DEFINE OFF;
REM INSERTING into SLAM7.OBJECTIFS
SET DEFINE OFF;
REM INSERTING into SLAM7.POSSEDE
SET DEFINE OFF;
REM INSERTING into SLAM7.PRATICIEN
SET DEFINE OFF;
REM INSERTING into SLAM7.PRODUIT
SET DEFINE OFF;
Insert into SLAM7.PRODUIT (ID_PRODUIT,NOM_COMMERCIAL,NUMERO_PROD,COMPOSITION,CONTRE_INDICATIONS,EFFETS_THERAPEUTIQUES,FAMILLE,PRIX_ECHANTILLON) values ('1','Doliprane','D123','Paracétamol 500mg','Allergie au paracétamol','Antalgique et antipyrétique','Antalgique','2,5');
Insert into SLAM7.PRODUIT (ID_PRODUIT,NOM_COMMERCIAL,NUMERO_PROD,COMPOSITION,CONTRE_INDICATIONS,EFFETS_THERAPEUTIQUES,FAMILLE,PRIX_ECHANTILLON) values ('2','Ibuprofène','I456','Ibuprofène 200mg','Ulcères gastriques, grossesse 3e trimestre','Anti-inflammatoire et antalgique','Anti-inflammatoire','3');
Insert into SLAM7.PRODUIT (ID_PRODUIT,NOM_COMMERCIAL,NUMERO_PROD,COMPOSITION,CONTRE_INDICATIONS,EFFETS_THERAPEUTIQUES,FAMILLE,PRIX_ECHANTILLON) values ('3','Spasfon','S789','Phloroglucinol 80mg','Allergie au phloroglucinol','Antispasmodique pour douleurs abdominales','Antispasmodique','4');
Insert into SLAM7.PRODUIT (ID_PRODUIT,NOM_COMMERCIAL,NUMERO_PROD,COMPOSITION,CONTRE_INDICATIONS,EFFETS_THERAPEUTIQUES,FAMILLE,PRIX_ECHANTILLON) values ('4','Efferalgan','E111','Paracétamol 500mg','Allergie au paracétamol','Antalgique et antipyrétique','Antalgique','2,8');
Insert into SLAM7.PRODUIT (ID_PRODUIT,NOM_COMMERCIAL,NUMERO_PROD,COMPOSITION,CONTRE_INDICATIONS,EFFETS_THERAPEUTIQUES,FAMILLE,PRIX_ECHANTILLON) values ('5','Smecta','SM222','Diosmectite','Constipation sévère','Traitement des diarrhées aiguës','Antidiarrhéique','3,5');
REM INSERTING into SLAM7.RAPPORT
SET DEFINE OFF;
Insert into SLAM7.RAPPORT (ID_RAPPORT,ID_VISITE) values ('1','1');
REM INSERTING into SLAM7.RAPPORT_DE_VISITE
SET DEFINE OFF;
Insert into SLAM7.RAPPORT_DE_VISITE (ID_RAPPORT,DATE_VISITE,MOTIF_VISITE,ID_VISITEUR) values ('3',to_date('05/03/25','DD/MM/RR'),'test','1');
Insert into SLAM7.RAPPORT_DE_VISITE (ID_RAPPORT,DATE_VISITE,MOTIF_VISITE,ID_VISITEUR) values ('5',to_date('21/03/25','DD/MM/RR'),'Thomas','1');
Insert into SLAM7.RAPPORT_DE_VISITE (ID_RAPPORT,DATE_VISITE,MOTIF_VISITE,ID_VISITEUR) values ('1',to_date('15/03/24','DD/MM/RR'),'Présentation nouveaux produits','1');
Insert into SLAM7.RAPPORT_DE_VISITE (ID_RAPPORT,DATE_VISITE,MOTIF_VISITE,ID_VISITEUR) values ('2',to_date('21/03/25','DD/MM/RR'),'test','1');
Insert into SLAM7.RAPPORT_DE_VISITE (ID_RAPPORT,DATE_VISITE,MOTIF_VISITE,ID_VISITEUR) values ('4',to_date('21/03/25','DD/MM/RR'),'Autre','1');
REM INSERTING into SLAM7.REGION
SET DEFINE OFF;
Insert into SLAM7.REGION (ID_REGION,NOM_REGION) values ('3','Auvergne-Rhône-Alpes');
Insert into SLAM7.REGION (ID_REGION,NOM_REGION) values ('1','Ile-de-France');
Insert into SLAM7.REGION (ID_REGION,NOM_REGION) values ('4','Nouvelle-Aquitaine');
Insert into SLAM7.REGION (ID_REGION,NOM_REGION) values ('2','Provence-Alpes-Côte');
REM INSERTING into SLAM7.RESPONSABLE_SECTEUR
SET DEFINE OFF;
REM INSERTING into SLAM7.ROLE
SET DEFINE OFF;
Insert into SLAM7.ROLE (ID_ROLE,NOM_ROLE) values ('2','Délegué');
Insert into SLAM7.ROLE (ID_ROLE,NOM_ROLE) values ('3','Praticien');
Insert into SLAM7.ROLE (ID_ROLE,NOM_ROLE) values ('1','Responsable secteur');
Insert into SLAM7.ROLE (ID_ROLE,NOM_ROLE) values ('4','Visiteur médical');
REM INSERTING into SLAM7.UTILISATEUR
SET DEFINE OFF;
Insert into SLAM7.UTILISATEUR (ID_USER,NOM,PRENOM,EMAIL,MOT_DE_PASSE,ID_REGION,ID_ROLE) values ('1','Thomas','S','thomas@gmail.com','Iroise29','1','1');
Insert into SLAM7.UTILISATEUR (ID_USER,NOM,PRENOM,EMAIL,MOT_DE_PASSE,ID_REGION,ID_ROLE) values ('2','Martin','Claire','claire.martin@example.com','Iroise29','2','3');
Insert into SLAM7.UTILISATEUR (ID_USER,NOM,PRENOM,EMAIL,MOT_DE_PASSE,ID_REGION,ID_ROLE) values ('3','Durand','Paul','paul.durand@example.com','Iroise29','1','2');
Insert into SLAM7.UTILISATEUR (ID_USER,NOM,PRENOM,EMAIL,MOT_DE_PASSE,ID_REGION,ID_ROLE) values ('4','Bernard','Sophie','sophie.bernard@example.com','Iroise29','3','1');
Insert into SLAM7.UTILISATEUR (ID_USER,NOM,PRENOM,EMAIL,MOT_DE_PASSE,ID_REGION,ID_ROLE) values ('5','Lemoine','Alice','alice.lemoine@example.com','Iroise29','4','4');
REM INSERTING into SLAM7.VISITEUR_MEDICAL
SET DEFINE OFF;
Insert into SLAM7.VISITEUR_MEDICAL (ID_VISITEUR,MATRICULE,DATE_EMBAUCHE,PRIMES,BUDGET,ID_USER) values ('1','MTR001',to_date('15/06/19','DD/MM/RR'),'500','1000','1');
Insert into SLAM7.VISITEUR_MEDICAL (ID_VISITEUR,MATRICULE,DATE_EMBAUCHE,PRIMES,BUDGET,ID_USER) values ('2','MTR001',to_date('15/06/19','DD/MM/RR'),'500','1000','1');
Insert into SLAM7.VISITEUR_MEDICAL (ID_VISITEUR,MATRICULE,DATE_EMBAUCHE,PRIMES,BUDGET,ID_USER) values ('3','MTR001',to_date('15/06/19','DD/MM/RR'),'500','1000','1');
Insert into SLAM7.VISITEUR_MEDICAL (ID_VISITEUR,MATRICULE,DATE_EMBAUCHE,PRIMES,BUDGET,ID_USER) values ('8','MTR001',to_date('15/06/19','DD/MM/RR'),'500','1000','1');
Insert into SLAM7.VISITEUR_MEDICAL (ID_VISITEUR,MATRICULE,DATE_EMBAUCHE,PRIMES,BUDGET,ID_USER) values ('4','MTR001',to_date('15/06/19','DD/MM/RR'),'500','1000','1');
Insert into SLAM7.VISITEUR_MEDICAL (ID_VISITEUR,MATRICULE,DATE_EMBAUCHE,PRIMES,BUDGET,ID_USER) values ('5','MTR001',to_date('15/06/19','DD/MM/RR'),'500','1000','1');
Insert into SLAM7.VISITEUR_MEDICAL (ID_VISITEUR,MATRICULE,DATE_EMBAUCHE,PRIMES,BUDGET,ID_USER) values ('6','MTR001',to_date('15/06/19','DD/MM/RR'),'500','1000','1');
Insert into SLAM7.VISITEUR_MEDICAL (ID_VISITEUR,MATRICULE,DATE_EMBAUCHE,PRIMES,BUDGET,ID_USER) values ('7','MTR001',to_date('15/06/19','DD/MM/RR'),'500','1000','1');
Insert into SLAM7.VISITEUR_MEDICAL (ID_VISITEUR,MATRICULE,DATE_EMBAUCHE,PRIMES,BUDGET,ID_USER) values ('9','MTR001',to_date('15/06/19','DD/MM/RR'),'500','1000','1');
Insert into SLAM7.VISITEUR_MEDICAL (ID_VISITEUR,MATRICULE,DATE_EMBAUCHE,PRIMES,BUDGET,ID_USER) values ('10','MTR001',to_date('15/06/19','DD/MM/RR'),'500','1000','1');
--------------------------------------------------------
--  DDL for Index PK_VISITEUR_MEDICAL
--------------------------------------------------------

  CREATE UNIQUE INDEX "SLAM7"."PK_VISITEUR_MEDICAL" ON "SLAM7"."VISITEUR_MEDICAL" ("ID_VISITEUR") 
  PCTFREE 10 INITRANS 2 MAXTRANS 255 COMPUTE STATISTICS 
  STORAGE(INITIAL 65536 NEXT 1048576 MINEXTENTS 1 MAXEXTENTS 2147483645
  PCTINCREASE 0 FREELISTS 1 FREELIST GROUPS 1 BUFFER_POOL DEFAULT FLASH_CACHE DEFAULT CELL_FLASH_CACHE DEFAULT)
  TABLESPACE "USERS" ;
--------------------------------------------------------
--  DDL for Trigger TRG_ID_RAPPORT_AI
--------------------------------------------------------

  CREATE OR REPLACE TRIGGER "SLAM7"."TRG_ID_RAPPORT_AI" 
BEFORE INSERT ON RAPPORT_DE_VISITE
FOR EACH ROW
BEGIN
    IF :NEW.ID_RAPPORT IS NULL THEN
        SELECT SEQ_ID_RAPPORT.NEXTVAL INTO :NEW.ID_RAPPORT FROM DUAL;
    END IF;
END;
/
ALTER TRIGGER "SLAM7"."TRG_ID_RAPPORT_AI" ENABLE;
--------------------------------------------------------
--  DDL for Trigger TRG_ID_VISITEUR_AI
--------------------------------------------------------

  CREATE OR REPLACE TRIGGER "SLAM7"."TRG_ID_VISITEUR_AI" 
BEFORE INSERT ON VISITEUR_MEDICAL
FOR EACH ROW
BEGIN
    IF :NEW.ID_VISITEUR IS NULL THEN
        SELECT SEQ_ID_VISITEUR.NEXTVAL INTO :NEW.ID_VISITEUR FROM DUAL;
    END IF;
END;
/
ALTER TRIGGER "SLAM7"."TRG_ID_VISITEUR_AI" ENABLE;
--------------------------------------------------------
--  Constraints for Table RAPPORT
--------------------------------------------------------

  ALTER TABLE "SLAM7"."RAPPORT" ADD PRIMARY KEY ("ID_RAPPORT")
  USING INDEX PCTFREE 10 INITRANS 2 MAXTRANS 255 COMPUTE STATISTICS 
  STORAGE(INITIAL 65536 NEXT 1048576 MINEXTENTS 1 MAXEXTENTS 2147483645
  PCTINCREASE 0 FREELISTS 1 FREELIST GROUPS 1 BUFFER_POOL DEFAULT FLASH_CACHE DEFAULT CELL_FLASH_CACHE DEFAULT)
  TABLESPACE "USERS"  ENABLE;
--------------------------------------------------------
--  Constraints for Table RESPONSABLE_SECTEUR
--------------------------------------------------------

  ALTER TABLE "SLAM7"."RESPONSABLE_SECTEUR" MODIFY ("ID_USER" NOT NULL ENABLE);
 
  ALTER TABLE "SLAM7"."RESPONSABLE_SECTEUR" ADD PRIMARY KEY ("ID_RESPONSABLE")
  USING INDEX PCTFREE 10 INITRANS 2 MAXTRANS 255 COMPUTE STATISTICS NOCOMPRESS LOGGING
  TABLESPACE "USERS"  ENABLE;
--------------------------------------------------------
--  Constraints for Table UTILISATEUR
--------------------------------------------------------

  ALTER TABLE "SLAM7"."UTILISATEUR" MODIFY ("NOM" NOT NULL ENABLE);
 
  ALTER TABLE "SLAM7"."UTILISATEUR" MODIFY ("PRENOM" NOT NULL ENABLE);
 
  ALTER TABLE "SLAM7"."UTILISATEUR" MODIFY ("EMAIL" NOT NULL ENABLE);
 
  ALTER TABLE "SLAM7"."UTILISATEUR" MODIFY ("MOT_DE_PASSE" NOT NULL ENABLE);
 
  ALTER TABLE "SLAM7"."UTILISATEUR" ADD PRIMARY KEY ("ID_USER")
  USING INDEX PCTFREE 10 INITRANS 2 MAXTRANS 255 COMPUTE STATISTICS 
  STORAGE(INITIAL 65536 NEXT 1048576 MINEXTENTS 1 MAXEXTENTS 2147483645
  PCTINCREASE 0 FREELISTS 1 FREELIST GROUPS 1 BUFFER_POOL DEFAULT FLASH_CACHE DEFAULT CELL_FLASH_CACHE DEFAULT)
  TABLESPACE "USERS"  ENABLE;
 
  ALTER TABLE "SLAM7"."UTILISATEUR" ADD UNIQUE ("EMAIL")
  USING INDEX PCTFREE 10 INITRANS 2 MAXTRANS 255 COMPUTE STATISTICS 
  STORAGE(INITIAL 65536 NEXT 1048576 MINEXTENTS 1 MAXEXTENTS 2147483645
  PCTINCREASE 0 FREELISTS 1 FREELIST GROUPS 1 BUFFER_POOL DEFAULT FLASH_CACHE DEFAULT CELL_FLASH_CACHE DEFAULT)
  TABLESPACE "USERS"  ENABLE;
--------------------------------------------------------
--  Constraints for Table ROLE
--------------------------------------------------------

  ALTER TABLE "SLAM7"."ROLE" MODIFY ("NOM_ROLE" NOT NULL ENABLE);
 
  ALTER TABLE "SLAM7"."ROLE" ADD PRIMARY KEY ("ID_ROLE")
  USING INDEX PCTFREE 10 INITRANS 2 MAXTRANS 255 COMPUTE STATISTICS 
  STORAGE(INITIAL 65536 NEXT 1048576 MINEXTENTS 1 MAXEXTENTS 2147483645
  PCTINCREASE 0 FREELISTS 1 FREELIST GROUPS 1 BUFFER_POOL DEFAULT FLASH_CACHE DEFAULT CELL_FLASH_CACHE DEFAULT)
  TABLESPACE "USERS"  ENABLE;
 
  ALTER TABLE "SLAM7"."ROLE" ADD UNIQUE ("NOM_ROLE")
  USING INDEX PCTFREE 10 INITRANS 2 MAXTRANS 255 COMPUTE STATISTICS 
  STORAGE(INITIAL 65536 NEXT 1048576 MINEXTENTS 1 MAXEXTENTS 2147483645
  PCTINCREASE 0 FREELISTS 1 FREELIST GROUPS 1 BUFFER_POOL DEFAULT FLASH_CACHE DEFAULT CELL_FLASH_CACHE DEFAULT)
  TABLESPACE "USERS"  ENABLE;
--------------------------------------------------------
--  Constraints for Table BILAN
--------------------------------------------------------

  ALTER TABLE "SLAM7"."BILAN" ADD PRIMARY KEY ("ID_BILAN")
  USING INDEX PCTFREE 10 INITRANS 2 MAXTRANS 255 COMPUTE STATISTICS 
  STORAGE(INITIAL 65536 NEXT 1048576 MINEXTENTS 1 MAXEXTENTS 2147483645
  PCTINCREASE 0 FREELISTS 1 FREELIST GROUPS 1 BUFFER_POOL DEFAULT FLASH_CACHE DEFAULT CELL_FLASH_CACHE DEFAULT)
  TABLESPACE "USERS"  ENABLE;
--------------------------------------------------------
--  Constraints for Table REGION
--------------------------------------------------------

  ALTER TABLE "SLAM7"."REGION" MODIFY ("NOM_REGION" NOT NULL ENABLE);
 
  ALTER TABLE "SLAM7"."REGION" ADD PRIMARY KEY ("ID_REGION")
  USING INDEX PCTFREE 10 INITRANS 2 MAXTRANS 255 COMPUTE STATISTICS 
  STORAGE(INITIAL 65536 NEXT 1048576 MINEXTENTS 1 MAXEXTENTS 2147483645
  PCTINCREASE 0 FREELISTS 1 FREELIST GROUPS 1 BUFFER_POOL DEFAULT FLASH_CACHE DEFAULT CELL_FLASH_CACHE DEFAULT)
  TABLESPACE "USERS"  ENABLE;
 
  ALTER TABLE "SLAM7"."REGION" ADD UNIQUE ("NOM_REGION")
  USING INDEX PCTFREE 10 INITRANS 2 MAXTRANS 255 COMPUTE STATISTICS 
  STORAGE(INITIAL 65536 NEXT 1048576 MINEXTENTS 1 MAXEXTENTS 2147483645
  PCTINCREASE 0 FREELISTS 1 FREELIST GROUPS 1 BUFFER_POOL DEFAULT FLASH_CACHE DEFAULT CELL_FLASH_CACHE DEFAULT)
  TABLESPACE "USERS"  ENABLE;
--------------------------------------------------------
--  Constraints for Table PRODUIT
--------------------------------------------------------

  ALTER TABLE "SLAM7"."PRODUIT" MODIFY ("NOM_COMMERCIAL" NOT NULL ENABLE);
 
  ALTER TABLE "SLAM7"."PRODUIT" ADD PRIMARY KEY ("ID_PRODUIT")
  USING INDEX PCTFREE 10 INITRANS 2 MAXTRANS 255 COMPUTE STATISTICS 
  STORAGE(INITIAL 65536 NEXT 1048576 MINEXTENTS 1 MAXEXTENTS 2147483645
  PCTINCREASE 0 FREELISTS 1 FREELIST GROUPS 1 BUFFER_POOL DEFAULT FLASH_CACHE DEFAULT CELL_FLASH_CACHE DEFAULT)
  TABLESPACE "USERS"  ENABLE;
 
  ALTER TABLE "SLAM7"."PRODUIT" ADD UNIQUE ("NUMERO_PROD")
  USING INDEX PCTFREE 10 INITRANS 2 MAXTRANS 255 COMPUTE STATISTICS 
  STORAGE(INITIAL 65536 NEXT 1048576 MINEXTENTS 1 MAXEXTENTS 2147483645
  PCTINCREASE 0 FREELISTS 1 FREELIST GROUPS 1 BUFFER_POOL DEFAULT FLASH_CACHE DEFAULT CELL_FLASH_CACHE DEFAULT)
  TABLESPACE "USERS"  ENABLE;
--------------------------------------------------------
--  Constraints for Table OBJECTIFS
--------------------------------------------------------

  ALTER TABLE "SLAM7"."OBJECTIFS" ADD PRIMARY KEY ("ID_OBJECTIF")
  USING INDEX PCTFREE 10 INITRANS 2 MAXTRANS 255 COMPUTE STATISTICS NOCOMPRESS LOGGING
  TABLESPACE "USERS"  ENABLE;
--------------------------------------------------------
--  Constraints for Table PRATICIEN
--------------------------------------------------------

  ALTER TABLE "SLAM7"."PRATICIEN" MODIFY ("ID_USER" NOT NULL ENABLE);
 
  ALTER TABLE "SLAM7"."PRATICIEN" ADD PRIMARY KEY ("ID_PRATICIEN")
  USING INDEX PCTFREE 10 INITRANS 2 MAXTRANS 255 COMPUTE STATISTICS NOCOMPRESS LOGGING
  TABLESPACE "USERS"  ENABLE;
--------------------------------------------------------
--  Constraints for Table VISITEUR_MEDICAL
--------------------------------------------------------

  ALTER TABLE "SLAM7"."VISITEUR_MEDICAL" ADD CONSTRAINT "PK_VISITEUR_MEDICAL" PRIMARY KEY ("ID_VISITEUR")
  USING INDEX PCTFREE 10 INITRANS 2 MAXTRANS 255 COMPUTE STATISTICS 
  STORAGE(INITIAL 65536 NEXT 1048576 MINEXTENTS 1 MAXEXTENTS 2147483645
  PCTINCREASE 0 FREELISTS 1 FREELIST GROUPS 1 BUFFER_POOL DEFAULT FLASH_CACHE DEFAULT CELL_FLASH_CACHE DEFAULT)
  TABLESPACE "USERS"  ENABLE;
--------------------------------------------------------
--  Constraints for Table POSSEDE
--------------------------------------------------------

  ALTER TABLE "SLAM7"."POSSEDE" MODIFY ("ID_USER" NOT NULL ENABLE);
 
  ALTER TABLE "SLAM7"."POSSEDE" MODIFY ("ID_OBJECTIF" NOT NULL ENABLE);
 
  ALTER TABLE "SLAM7"."POSSEDE" ADD PRIMARY KEY ("ID_POSSEDE")
  USING INDEX PCTFREE 10 INITRANS 2 MAXTRANS 255 COMPUTE STATISTICS NOCOMPRESS LOGGING
  TABLESPACE "USERS"  ENABLE;
--------------------------------------------------------
--  Constraints for Table RAPPORT_DE_VISITE
--------------------------------------------------------

  ALTER TABLE "SLAM7"."RAPPORT_DE_VISITE" MODIFY ("DATE_VISITE" NOT NULL ENABLE);
 
  ALTER TABLE "SLAM7"."RAPPORT_DE_VISITE" MODIFY ("MOTIF_VISITE" NOT NULL ENABLE);
 
  ALTER TABLE "SLAM7"."RAPPORT_DE_VISITE" MODIFY ("ID_VISITEUR" NOT NULL ENABLE);
 
  ALTER TABLE "SLAM7"."RAPPORT_DE_VISITE" ADD PRIMARY KEY ("ID_RAPPORT")
  USING INDEX PCTFREE 10 INITRANS 2 MAXTRANS 255 COMPUTE STATISTICS 
  STORAGE(INITIAL 65536 NEXT 1048576 MINEXTENTS 1 MAXEXTENTS 2147483645
  PCTINCREASE 0 FREELISTS 1 FREELIST GROUPS 1 BUFFER_POOL DEFAULT FLASH_CACHE DEFAULT CELL_FLASH_CACHE DEFAULT)
  TABLESPACE "USERS"  ENABLE;
--------------------------------------------------------
--  Constraints for Table DELEGUE
--------------------------------------------------------

  ALTER TABLE "SLAM7"."DELEGUE" MODIFY ("ID_USER" NOT NULL ENABLE);
 
  ALTER TABLE "SLAM7"."DELEGUE" ADD PRIMARY KEY ("ID_DELEGUE")
  USING INDEX PCTFREE 10 INITRANS 2 MAXTRANS 255 COMPUTE STATISTICS NOCOMPRESS LOGGING
  TABLESPACE "USERS"  ENABLE;
--------------------------------------------------------
--  Ref Constraints for Table BILAN
--------------------------------------------------------

  ALTER TABLE "SLAM7"."BILAN" ADD FOREIGN KEY ("ID_RAPPORT")
	  REFERENCES "SLAM7"."RAPPORT" ("ID_RAPPORT") ENABLE;
--------------------------------------------------------
--  Ref Constraints for Table DELEGUE
--------------------------------------------------------

  ALTER TABLE "SLAM7"."DELEGUE" ADD FOREIGN KEY ("ID_USER")
	  REFERENCES "SLAM7"."UTILISATEUR" ("ID_USER") ENABLE;
 
  ALTER TABLE "SLAM7"."DELEGUE" ADD FOREIGN KEY ("ID_ROLE")
	  REFERENCES "SLAM7"."ROLE" ("ID_ROLE") ENABLE;
 
  ALTER TABLE "SLAM7"."DELEGUE" ADD FOREIGN KEY ("ID_REGION")
	  REFERENCES "SLAM7"."REGION" ("ID_REGION") ENABLE;
--------------------------------------------------------
--  Ref Constraints for Table POSSEDE
--------------------------------------------------------

  ALTER TABLE "SLAM7"."POSSEDE" ADD FOREIGN KEY ("ID_USER")
	  REFERENCES "SLAM7"."UTILISATEUR" ("ID_USER") ENABLE;
 
  ALTER TABLE "SLAM7"."POSSEDE" ADD FOREIGN KEY ("ID_OBJECTIF")
	  REFERENCES "SLAM7"."OBJECTIFS" ("ID_OBJECTIF") ENABLE;
--------------------------------------------------------
--  Ref Constraints for Table PRATICIEN
--------------------------------------------------------

  ALTER TABLE "SLAM7"."PRATICIEN" ADD FOREIGN KEY ("ID_USER")
	  REFERENCES "SLAM7"."UTILISATEUR" ("ID_USER") ENABLE;
 
  ALTER TABLE "SLAM7"."PRATICIEN" ADD FOREIGN KEY ("ID_ROLE")
	  REFERENCES "SLAM7"."ROLE" ("ID_ROLE") ENABLE;
 
  ALTER TABLE "SLAM7"."PRATICIEN" ADD FOREIGN KEY ("ID_REGION")
	  REFERENCES "SLAM7"."REGION" ("ID_REGION") ENABLE;
--------------------------------------------------------
--  Ref Constraints for Table RAPPORT_DE_VISITE
--------------------------------------------------------

  ALTER TABLE "SLAM7"."RAPPORT_DE_VISITE" ADD CONSTRAINT "FK_VISITEUR" FOREIGN KEY ("ID_VISITEUR")
	  REFERENCES "SLAM7"."VISITEUR_MEDICAL" ("ID_VISITEUR") ON DELETE CASCADE ENABLE;
--------------------------------------------------------
--  Ref Constraints for Table RESPONSABLE_SECTEUR
--------------------------------------------------------

  ALTER TABLE "SLAM7"."RESPONSABLE_SECTEUR" ADD FOREIGN KEY ("ID_USER")
	  REFERENCES "SLAM7"."UTILISATEUR" ("ID_USER") ENABLE;
 
  ALTER TABLE "SLAM7"."RESPONSABLE_SECTEUR" ADD FOREIGN KEY ("ID_ROLE")
	  REFERENCES "SLAM7"."ROLE" ("ID_ROLE") ENABLE;
 
  ALTER TABLE "SLAM7"."RESPONSABLE_SECTEUR" ADD FOREIGN KEY ("ID_OBJECTIF")
	  REFERENCES "SLAM7"."OBJECTIFS" ("ID_OBJECTIF") ENABLE;
 
  ALTER TABLE "SLAM7"."RESPONSABLE_SECTEUR" ADD FOREIGN KEY ("ID_REGION")
	  REFERENCES "SLAM7"."REGION" ("ID_REGION") ENABLE;
--------------------------------------------------------
--  Ref Constraints for Table UTILISATEUR
--------------------------------------------------------

  ALTER TABLE "SLAM7"."UTILISATEUR" ADD FOREIGN KEY ("ID_REGION")
	  REFERENCES "SLAM7"."REGION" ("ID_REGION") ENABLE;
 
  ALTER TABLE "SLAM7"."UTILISATEUR" ADD FOREIGN KEY ("ID_ROLE")
	  REFERENCES "SLAM7"."ROLE" ("ID_ROLE") ENABLE;
--------------------------------------------------------
--  Ref Constraints for Table VISITEUR_MEDICAL
--------------------------------------------------------

  ALTER TABLE "SLAM7"."VISITEUR_MEDICAL" ADD CONSTRAINT "FK_VISITEUR_UTILISATEUR" FOREIGN KEY ("ID_USER")
	  REFERENCES "SLAM7"."UTILISATEUR" ("ID_USER") ENABLE;
